lambda1,lambda2,lambda3,r1,r2,r3
0.32013713182209597,0.49930256770626247,0.10574045458405737,0.14382356114811845,-0.009693946159477716,0.7322209877759757
0.16702988625395337,0.4643959902213408,0.10110433566168087,0.016846980288187718,-0.002622761708461486,0.7999999999999999
1.9476369079142932,0.6081125745009515,2.0270934068412765,0.17791040461342433,-0.009820048144349273,0.8034499474421393
1.9544157131166566,0.9602730808892826,2.0590323442192817,0.1482789899751096,-0.009894877396634484,0.8004597352574023
1.236432972545219,0.46788405415844164,1.987912503780041,0.09599414203148204,-0.011908645814568757,0.608656374771641
0.18984452558844495,0.46364570644694225,0.21651655053189958,0.12428582408952814,-0.009106661507367041,0.7638801494891541
1.027618932625385,0.12964534955239912,1.9329768407541041,0.20386014529041113,-0.00972096814545896,0.8477084461836012
1.0282676016867918,0.8777728735195689,0.25232311683047426,0.08874118138532282,-0.009349419414088804,0.7630608719744082
0.7845489252602513,0.6897599096840605,0.9113011788004521,0.09049003122101992,-0.009569363459083002,0.798737532784458
0.1898445255884449,0.12615728561529832,0.1597566230086432,0.12768718298608803,-0.010607024329407239,0.7758684142473796
